<?xml version="1.0" encoding="UTF-8"?>
<root>
  <item name="com.stormpath.sdk.Stormpath logLevel">
    <annotation name="android.support.annotation.IntDef">
      <val name="value" val="{com.stormpath.sdk.StormpathLogger.SILENT, com.stormpath.sdk.StormpathLogger.VERBOSE, com.stormpath.sdk.StormpathLogger.DEBUG, com.stormpath.sdk.StormpathLogger.INFO, com.stormpath.sdk.StormpathLogger.WARN, com.stormpath.sdk.StormpathLogger.ERROR, com.stormpath.sdk.StormpathLogger.ASSERT}" />
    </annotation>
  </item>
  <item name="com.stormpath.sdk.Stormpath void setLogLevel(int) 0">
    <annotation name="android.support.annotation.IntDef">
      <val name="value" val="{com.stormpath.sdk.StormpathLogger.SILENT, com.stormpath.sdk.StormpathLogger.VERBOSE, com.stormpath.sdk.StormpathLogger.DEBUG, com.stormpath.sdk.StormpathLogger.INFO, com.stormpath.sdk.StormpathLogger.WARN, com.stormpath.sdk.StormpathLogger.ERROR, com.stormpath.sdk.StormpathLogger.ASSERT}" />
    </annotation>
  </item>
  <item name="com.stormpath.sdk.StormpathLogger boolean isLoggable(int) 0">
    <annotation name="android.support.annotation.IntDef">
      <val name="value" val="{com.stormpath.sdk.StormpathLogger.SILENT, com.stormpath.sdk.StormpathLogger.VERBOSE, com.stormpath.sdk.StormpathLogger.DEBUG, com.stormpath.sdk.StormpathLogger.INFO, com.stormpath.sdk.StormpathLogger.WARN, com.stormpath.sdk.StormpathLogger.ERROR, com.stormpath.sdk.StormpathLogger.ASSERT}" />
    </annotation>
  </item>
  <item name="com.stormpath.sdk.StormpathLogger void log(int, java.lang.String) 0">
    <annotation name="android.support.annotation.IntDef">
      <val name="value" val="{com.stormpath.sdk.StormpathLogger.SILENT, com.stormpath.sdk.StormpathLogger.VERBOSE, com.stormpath.sdk.StormpathLogger.DEBUG, com.stormpath.sdk.StormpathLogger.INFO, com.stormpath.sdk.StormpathLogger.WARN, com.stormpath.sdk.StormpathLogger.ERROR, com.stormpath.sdk.StormpathLogger.ASSERT}" />
    </annotation>
  </item>
  <item name="com.stormpath.sdk.StormpathLogger void log(int, java.lang.Throwable, java.lang.String, java.lang.Object...) 0">
    <annotation name="android.support.annotation.IntDef">
      <val name="value" val="{com.stormpath.sdk.StormpathLogger.SILENT, com.stormpath.sdk.StormpathLogger.VERBOSE, com.stormpath.sdk.StormpathLogger.DEBUG, com.stormpath.sdk.StormpathLogger.INFO, com.stormpath.sdk.StormpathLogger.WARN, com.stormpath.sdk.StormpathLogger.ERROR, com.stormpath.sdk.StormpathLogger.ASSERT}" />
    </annotation>
  </item>
  <item name="com.stormpath.sdk.StormpathLogger void setLogLevel(int) 0">
    <annotation name="android.support.annotation.IntDef">
      <val name="value" val="{com.stormpath.sdk.StormpathLogger.SILENT, com.stormpath.sdk.StormpathLogger.VERBOSE, com.stormpath.sdk.StormpathLogger.DEBUG, com.stormpath.sdk.StormpathLogger.INFO, com.stormpath.sdk.StormpathLogger.WARN, com.stormpath.sdk.StormpathLogger.ERROR, com.stormpath.sdk.StormpathLogger.ASSERT}" />
    </annotation>
  </item>
</root>

